"","ID","Title"
"1",1,"A Translational Science Model for HCI"
"2",2,"They Don't Leave Us Alone Anywhere We Go: Gender and Digital Abuse in South Asia"
"3",3,"Guidelines for Human-AI Interaction"
"4",4,"Human-Centered Tools for Coping with Imperfect Algorithms During Medical Decision-Making"
"5",5,"Seeing with New Eyes: Designing for In-the-Wild Museum Gifting"
"6",6,"Design and Plural Heritages: Composing Critical Futures"
"7",7,"Connect-to-Connected Worlds: Piloting a Mobile Data-Driven Reflection Tool for an Open-Ended Simulation at a Museum"
"8",8,"Anchored Audio Sampling: A Seamless Method for Exploring Children's Thoughts During Deployment Studies"
"9",9,"To Asymmetry and Beyond!: Improving Social Connectedness by Increasing Designed Interdependence in Cooperative Play"
"10",10,"DesignABILITY: Framework for the Design of Accessible Interactive Tools to Support Teaching to Children with Disabilities"
"11",11,"Transcalibur: A Weight Shifting Virtual Reality Controller for 2D Shape Rendering based on Computational Perception Model"
"12",12,"LightBee: A Self-Levitating Light Field Display for Hologrammatic Telepresence"
"13",13,"TabletInVR: Exploring the Design Space for Using a Multi-Touch Tablet in Virtual Reality"
"14",14,"RotoSwype: Word-Gesture Typing using a Ring"
"15",15,"BeamBand: Hand Gesture Sensing with Ultrasonic Beamforming"
"16",16,"Airport Accessibility and Navigation Assistance for People with Visual Impairments"
"17",17,"Effects of Moderation and Opinion Heterogeneity on Attitude towards the Online Deliberation Experience"
"18",18,"MilliSonic: Pushing the Limits of Acoustic Motion Tracking"
"19",19,"Casual Microtasking: Embedding Microtasks in Facebook"
"20",20,"Making Sense of Art: Access for Gallery Visitors with Vision Impairments"
"21",21,"Co-Design Beyond Words: ""Moments of Interaction"" with Minimally-Verbal Children on the Autism Spectrum"
"22",22,"Emotional Utility and Recall of the Facebook News Feed"
"23",23,"The Breaking Hand: Skills Care and Sufferings of the Hands of an Electronic Waste Worker in Bangladesh"
"24",24,"EarTouch: Facilitating Smartphone Use for Visually Impaired People in Mobile and Public Scenarios"
"25",25,"Diagnosing and Coping with Mode Errors in Korean-English Dual-language Keyboard"
"26",26,"Impact of Contextual Factors on Snapchat Public Sharing"
"27",27,"Cluster Touch: Improving Touch Accuracy on Smartphones for People with Motor and Situational Impairments"
"28",28,"MindDot: Supporting Effective Cognitive Behaviors in Concept Map-Based Learning Environments"
"29",29,"Changing Perspective: A Co-Design Approach to Explore Future Possibilities of Divergent Hearing"
"30",30,"Failing with Style: Designing for Aesthetic Failure in Interactive Performance"
"31",31,"The Channel Matters: Self-disclosure Reciprocity and Social Support in Online Cancer Support Groups"
"32",32,"Design Goals for Playful Technology to Support Physical Activity Among Wheelchair Users"
"33",33,"Designing 'True Colors': A Social Wearable that Affords Vulnerability"
"34",34,"Investigating Slowness as a Frame to Design Longer-Term Experiences with Personal Data: A Field Study of Olly"
"35",35,"From HCI to HCI-Amusement: Strategies for Engaging what New Technology Makes Old"
"36",36,"Evaluating the Impact of a Mobile Neurofeedback App for Young Children at School and Home"
"37",37,"Geodesy: Self-rising 2.5D Tiles by Printing along 2D Geodesic Closed Path"
"38",38,"In a Silent Way: Communication Between AI and Improvising Musicians Beyond Sound"
"39",39,"Towards Collaboration Translucence: Giving Meaning to Multimodal Group Data"
"40",40,"At Your Service: Designing Voice Assistant Personalities to Improve Automotive User Interfaces: A Real World Driving Study"
"41",41,"Toward Algorithmic Accountability in Public Services: A Qualitative Study of Affected Community Perspectives on Algorithmic Decision-making in Child Welfare Services"
"42",42,"ActiveInk: (Th)Inking with Data"
"43",43,"Evaluating the Effect of Feedback from Different Computer Vision Processing Stages: A Comparative Lab Study"
"44",44,"Smart and Fermented Cities: An Approach to Placemaking in Urban Informatics"
"45",45,"Smart Home Security Cameras and Shifting Lines of Creepiness: A Design-Led Inquiry"
"46",46,"Deaf and Hard-of-hearing Individuals' Preferences for Wearable and Mobile Sound Awareness Technologies"
"47",47,"The Impact of User Characteristics and Preferences on Performance with an Unfamiliar Voice User Interface"
"48",48,"Pinpoint: A PCB Debugging Pipeline Using Interruptible Routing and Instrumentation"
"49",49,"A Practice-Led Account of the Conceptual Evolution of UX Knowledge"
"50",50,"Understanding Visual Cues in Visualizations Accompanied by Audio Narrations"
"51",51,"Context-Informed Scheduling and Analysis: Improving Accuracy of Mobile Self-Reports"
"52",52,"BBeep: A Sonic Collision Avoidance System for Blind Travellers and Nearby Pedestrians"
"53",53,"From Gender Biases to Gender-Inclusive Design: An Empirical Investigation"
"54",54,"How to Work in the Car of the Future? A Neuroergonomical Study Assessing Concentration Performance and Workload Based on Subjective Behavioral and Neurophysiological Insights"
"55",55,"Sensing Posture-Aware Pen+Touch Interaction on Tablets"
"56",56,"VirtualBricks: Exploring a Scalable Modular Toolkit for Enabling Physical Manipulation in VR"
"57",57,"Painting with CATS: Camera-Aided Texture Synthesis"
"58",58,"A Comparison of Guiding Techniques for Out-of-View Objects in Full-Coverage Displays"
"59",59,"An Evaluation of Radar Metaphors for Providing Directional Stimuli Using Non-Verbal Sound"
"60",60,"Integrated Workflows: Generating Feedback Between Digital and Physical Realms"
"61",61,"Hackathons as Participatory Design: Iterating Feminist Utopias"
"62",62,"Project Sidewalk: A Web-based Crowdsourcing Tool for Collecting Sidewalk Accessibility Data At Scale"
"63",63,"HistoryTracker: Minimizing Human Interactions in Baseball Game Annotation"
"64",64,"Moments of Change: Analyzing Peer-Based Cognitive Support in Online Mental Health Forums"
"65",65,"Increasing the Transparency of Research Papers with Explorable Multiverse Analyses"
"66",66,"A Player-Centric Approach to Designing Spatial Skill Training Games"
"67",67,"When Do People Trust Their Social Groups?"
"68",68,"Concept-Driven Visual Analytics: an Exploratory Study of Model- and Hypothesis-Based Reasoning with Visualizations"
"69",69,"Pictorial System Usability Scale (P-SUS): Developing an Instrument for Measuring Perceived Usability"
"70",70,"Designing Second-Screening Experiences for Social Co-Selection and Critical Co-Viewing of Reality TV"
"71",71,"TORC: A Virtual Reality Controller for In-Hand High-Dexterity Finger Interaction"
"72",72,"Threats Abuses Flirting and Blackmail: Gender Inequity in Social Media Voice Forums"
"73",73,"Laughing is Scary but Farting is Cute: A Conceptual Model of Children's Perspectives of Creepy Technologies"
"74",74,"Causeway: Scaling Situated Learning with Micro-Role Hierarchies"
"75",75,"Modeling Mobile Interface Tappability Using Crowdsourcing and Deep Learning"
"76",76,"CodeGazer: Making Code Navigation Easy and Natural With Gaze Input"
"77",77,"Analyzing Value Discovery in Design Decisions Through Ethicography"
"78",78,"A Field Study of Computer-Security Perceptions Using Anti-Virus Customer-Support Chats"
"79",79,"DataSelfie: Empowering People to Design Personalized Visuals to Represent Their Data"
"80",80,"PlaneVR: Social Acceptability of Virtual Reality for Aeroplane Passengers"
"81",81,"B-Script: Transcript-based B-roll Video Editing with Recommendations"
"82",82,"A Rough Sketch of the Freehand Drawing Process: Blending the Line between Action and Artifact"
"83",83,"What Can Gestures Tell? Detecting Motor Impairment in Early Parkinson's from Common Touch Gestural Interactions"
"84",84,"Understanding the Boundaries between Policymaking and HCI"
"85",85,"Towards an Effective Digital Literacy Intervention to Assist Returning Citizens with Job Search"
"86",86,"Comparing Data from Chatbot and Web Surveys: Effects of Platform and Conversational Style on Survey Response Quality"
"87",87,"Direct Finger Manipulation of 3D Object Image with Ultrasound Haptic Feedback"
"88",88,"ExerCube vs. Personal Trainer: Evaluating a Holistic Immersive and Adaptive Fitness Game Setup"
"89",89,"Tough Times at Transitional Homeless Shelters: Considering the Impact of Financial Insecurity on Digital Security and Privacy"
"90",90,"The Effect of Co-located Audiences on User Experience with Conversational Interfaces in Physical Spaces"
"91",91,"Unobtrusively Enhancing Reflection-in-Action of Teachers through Spatially Distributed Ambient Information"
"92",92,"Towards Effective Foraging by Data Scientists to Find Past Analysis Choices"
"93",93,"I Don't Even Have to Bother Them! Using Social Media to Automate the Authentication Ceremony in Secure Messaging"
"94",94,"Exploring Sound Awareness in the Home for People who are Deaf or Hard of Hearing"
"95",95,"Implicit Communication of Actionable Information in Human-AI teams"
"96",96,"StreetWise: Smart Speakers vs Human Help in Public Slum Settings"
"97",97,"Ways of Knowing When Research Subjects Care"
"98",98,"Design and Evaluation of Service Robot's Proactivity in Decision-Making Support Process"
"99",99,"Empowerment on the Margins: The Online Experiences of Community Health Workers"
"100",100,"Collaborative Practices with Structured Data: Do Tools Support What Users Need?"
"101",101,"RayCursor: A 3D Pointing Facilitation Technique based on Raycasting"
"102",102,"Finding Information on Non-Rectangular Interfaces"
"103",103,"Augmentation not Duplication: Considerations for the Design of Digitally-Augmented Comic Books"
"104",104,"Swire: Sketch-based User Interface Retrieval"
"105",105,"DataToon: Drawing Dynamic Network Comics With Pen + Touch Interaction"
"106",106,"'I make up a silly name': Understanding Children's Perception of Privacy Risks Online"
"107",107,"Supporting Coping with Parkinson's Disease Through Self Tracking"
"108",108,"What.Hack: Engaging Anti-Phishing Training Through a Role-playing Phishing Simulation Game"
"109",109,"Position Exchange Workshops: A Method to Design for Each Other in Families"
"110",110,"Behavioural Biometrics in VR: Identifying People from Body Motion and Relations in Virtual Reality"
"111",111,"SeeingVR: A Set of Tools to Make Virtual Reality More Accessible to People with Low Vision"
"112",112,"The Magic Machine Workshops: Making Personal Design Knowledge"
"113",113,"Thermporal: An Easy-To-Deploy Temporal Thermographic Sensor System to Support Residential Energy Audits"
"114",114,"Our Friends Electric: Reflections on Advocacy and Design Research for the Voice Enabled Internet"
"115",115,"(Re-)Framing Menopause Experiences for HCI and Design"
"116",116,"Playing Blind: Revealing the World of Gamers with Visual Impairment"
"117",117,"On the Internet Nobody Knows You're a Dog... Unless You're Another Dog"
"118",118,"More than the Sum of Makers: The Complex Dynamics of Diverse Practices at Maker Faire"
"119",119,"My blood sugar is higher on the weekends: Finding a Role for Context and Context-Awareness in the Design of Health Self-Management Technology"
"120",120,"Modeling Fully and Partially Constrained Lasso Movements in a Grid of Icons"
"121",121,"Sampling Strategy for Ultrasonic Mid-Air Haptics"
"122",122,"Mapping the Margins: Navigating the Ecologies of Domestic Violence Service Provision"
"123",123,"Evaluating the Impact of Pseudo-Colour and Coordinate System on the Detection of Medication-induced ECG Changes"
"124",124,"Discovering Alternative Treatments for Opioid Use Recovery Using Social Media"
"125",125,"Shape Changing Surfaces and Structures: Design Tools and Methods for Electroactive Polymers"
"126",126,"How Data Science Workers Work with Data: Discovery Capture Curation Design Creation"
"127",127,"An Autonomy-Perspective on the Design of Assistive Technology Experiences of People with Multiple Sclerosis"
"128",128,"VizML: A Machine Learning Approach to Visualization Recommendation"
"129",129,"This Girl is on Fire: Sensemaking in an Online Health Community for Vulvodynia"
"130",130,"Dynamic Network Plaid: A Tool for the Analysis of Dynamic Networks"
"131",131,"Self-Control in Cyberspace: Applying Dual Systems Theory to a Review of Digital Self-Control Tools"
"132",132,"I'm Sensing in the Rain: Spatial Incongruity in Visual-Tactile Mid-Air Stimulation Can Elicit Ownership in VR Users"
"133",133,"Visually Encoding the Lived Experience of Bipolar Disorder"
"134",134,"Methodological Gaps in Predicting Mental Health States from Social Media: Triangulating Diagnostic Signals"
"135",135,"Putting the Value in VR: How to Systematically and Iteratively Develop a Value-Based VR Application with a Complex Target Group"
"136",136,"Navigating Ride-Sharing Regulations: How Regulations Changed the 'Gig' of Ride-Sharing for Drivers in Taiwan"
"137",137,"What Happens After Disclosing Stigmatized Experiences on Identified Social Media: Individual Dyadic and Social/Network Outcomes"
"138",138,"How Guiding Questions Facilitate Feedback Exchange in Project-Based Learning"
"139",139,"Exploring the Plurality of Black Women's Gameplay Experiences"
"140",140,"If you want I can store the encrypted password: A Password-Storage Field Study with Freelance Developers"
"141",141,"Virtual Showdown: An Accessible Virtual Reality Game with Scaffolds for Youth with Visual Impairments"
"142",142,"Moderation Practices as Emotional Labor in Sustaining Online Communities: The Case of AAPI Identity Work on Reddit"
"143",143,"Multilayer Haptic Feedback for Pen-Based Tablet Interaction"
"144",144,"In UX We Trust: Investigation of Aesthetics and Usability of Driver-Vehicle Interfaces and Their Impact on the Perception of Automated Driving"
"145",145,"Sharing Economy Design Cards"
"146",146,"SottoVoce: An Ultrasound Imaging-Based Silent Speech Interaction Using Deep Neural Networks"
"147",147,"Assessing the Accuracy of Point & Teleport Locomotion with Orientation Indication for Virtual Reality using Curved Trajectories"
"148",148,"From Director's Cut to User's Cut: to Watch a Brain-Controlled Film is to Edit it"
"149",149,"The Invisible Potential of Facial Electromyography: A Comparison of EMG and Computer Vision when Distinguishing Posed from Spontaneous Smiles"
"150",150,"Enable or Disable Gamification?: Analyzing the Impact of Choice in a Gamified Image Tagging Task"
"151",151,"Pretty Close to a Must-Have: Balancing Usability Desire and Security Concern in Biometric Adoption"
"152",152,"r/science: Challenges and Opportunities in Online Science Communication"
"153",153,"Multi-plie: A Linear Foldable and Flattenable Interactive Display to Support Efficiency Safety and Collaboration"
"154",154,"Apprise: Supporting the Critical-Agency of Victims of Human Trafficking in Thailand"
"155",155,"JigFab: Computational Fabrication of Constraints to Facilitate Woodworking with Power Tools"
"156",156,"Teachers' Expected and Perceived Gains of Participation in Classroom Based Design Activities"
"157",157,"Virtual Performance Augmentation in an Immersive Jump & Run Exergame"
"158",158,"WhatFutures: Designing Large-Scale Engagements on WhatsApp"
"159",159,"Volunteer Moderators in Twitch Micro Communities: How They Get Involved the Roles They Play and the Emotional Labor They Experience"
"160",160,"Communicating Uncertainty in Fertility Prognosis"
"161",161,"Paragraph-based Faded Text Facilitates Reading Comprehension"
"162",162,"Towards Understanding the Link Between Age and Smartphone Authentication"
"163",163,"Coding for Outdoor Play: A Coding Platform for Children to Invent and Enhance Outdoor Play Experiences"
"164",164,"HotStrokes: Word-Gesture Shortcuts on a Trackpad"
"165",165,"How Do One's Peers on a Leaderboard Affect Oneself?"
"166",166,"App Usage Predicts Cognitive Ability in Older Adults"
"167",167,"ReCall: Crowdsourcing on Basic Phones to Financially Sustain Voice Forums"
"168",168,"ThermalBracelet: Exploring Thermal Haptic Feedback Around the Wrist"
"169",169,"HaptiVec: Presenting Haptic Feedback Vectors in Handheld Controllers using Embedded Tactile Pin Arrays"
"170",170,"VisiBlends: A Flexible Workflow for Visual Blends"
"171",171,"Evaluating the Combination of Visual Communication Cues for HMD-based Mixed Reality Remote Collaboration"
"172",172,"GymSoles: Improving Squats and Dead-Lifts by Visualizing the User's Center of Pressure"
"173",173,"Usability of Gamified Knowledge Learning in VR and Desktop-3D"
"174",174,"Mobi3DSketch: 3D Sketching in Mobile AR"
"175",175,"VirtualComponent: A Mixed-Reality Tool for Designing and Tuning Breadboarded Circuits"
"176",176,"Ethical Mediation in UX Practice"
"177",177,"Comparing Apples and Oranges: Taxonomy and Design of Pairwise Comparisons within Tabular Data Po-Ming Law"
"178",178,"Everyone Has Some Personal Stuff: Designing to Support Digital Privacy with Shared Mobile Phone Use in Bangladesh"
"179",179,"Accessing a New Land: Designing for a Social Conceptualisation of Access"
"180",180,"Gamified Ads: Bridging the Gap Between User Enjoyment and the Effectiveness of Online Ads"
"181",181,"The Role of Physical Props in VR Climbing Environments"
"182",182,"Digital Fabrication of Soft Actuated Objects by Machine Knitting"
"183",183,"Sketching NLP: A Case Study of Exploring the Right Things To Design with Language Intelligence"
"184",184,"Engagement with Mental Health Screening on Mobile Devices: Results from an Antenatal Feasibility Study"
"185",185,"Automating the Intentional Encoding of Human-Designable Markers"
"186",186,"Ethical Dimensions of Visualization Research"
"187",187,"Investigating the Effect of Orientation and Visual Style on Touchscreen Slider Performance"
"188",188,"Detecting Perception of Smartphone Notifications Using Skin Conductance Responses"
"189",189,"Exploring the Opportunities for Technologies to Enhance Quality of Life with People who have Experienced Vision Loss"
"190",190,"Ranked-List Visualization: A Graphical Perception Study"
"191",191,"A Lie Reveals the Truth: Quasimodes for Task-Aligned Data Presentation"
"192",192,"You 'Might' Be Affected: An Empirical Analysis of Readability and Usability Issues in Data Breach Notifications"
"193",193,"Understanding Trust Transportation and Accessibility through Ridesharing"
"194",194,"Experimental Analysis of Barehand Mid-air Mode-Switching Techniques in Virtual Reality"
"195",195,"Designing Interactive 3D Printed Models with Teachers of the Visually Impaired"
"196",196,"Defending My Castle: A Co-Design Study of Privacy Mechanisms for Smart Homes"
"197",197,"Understanding Perceptions of Problematic Facebook Use: When People Experience Negative Life Impact and a Lack of Control"
"198",198,"Typing on Split Keyboards with Peripheral Vision"
"199",199,"Mixed Reality Remote Collaboration Combining 360 Video and 3D Reconstruction"
"200",200,"Decision-Making Under Uncertainty in Research Synthesis: Designing for the Garden of Forking Paths"
"201",201,"ReType: Quick Text Editing with Keyboard and Gaze"
"202",202,"Desktop Electrospinning: A Single Extruder 3D Printer for Producing Rigid Plastic and Electrospun Textiles"
"203",203,"Reading Face Reading Health: Exploring Face Reading Technologies for Everyday Health"
"204",204,"Editing Spatial Layouts through Tactile Templates for People with Visual Impairments"
"205",205,"The Effect of Stereo Display Deficiencies on Virtual Hand Pointing"
"206",206,"Effects of Local Latency on Game Pointing Devices and Game Pointing Tasks"
"207",207,"Chatbots Humbots and the Quest for Artificial General Intelligence"
"208",208,"Haptic Navigation Cues on the Steering Wheel"
"209",209,"Drag:on: A Virtual Reality Controller Providing Haptic Feedback Based on Drag and Weight Shift"
"210",210,"ForceRay: Extending Thumb Reach via Force Input Stabilizes Device Grip for Mobile Touch Input"
"211",211,"Understanding and Modeling User-Perceived Brand Personality from Mobile Application UIs"
"212",212,"Underneath the Skin: An Analysis of YouTube Videos to Understand Insertable Device Interaction"
"213",213,"Stroke-Gesture Input for People with Motor Impairments: Empirical Results & Research Roadmap"
"214",214,"Developing Accessible Services: Understanding Current Knowledge and Areas for Future Support"
"215",215,"Touchstone2: An Interactive Environment for Exploring Trade-offs in HCI Experiment Design"
"216",216,"Socio-technical Dynamics: Cooperation of Emergent and Established Organisations in Crises and Disasters"
"217",217,"Interpreting the Diversity in Subjective Judgments"
"218",218,"ElasticVR: Providing Multilevel Continuously-Changing Resistive Force and Instant Impact Using Elasticity for VR"
"219",219,"Detecting Personality Traits Using Eye-Tracking Data"
"220",220,"Patient Perspectives on Self-Management Technologies for Chronic Fatigue Syndrome"
"221",221,"The Role of Gaming During Difficult Life Experiences"
"222",222,"The Dissimilarity-Consensus Approach to Agreement Analysis in Gesture Elicitation Studies"
"223",223,"A Framework for the Experience of Meaning in Human-Computer Interaction"
"224",224,"Sustainabot – Exploring the Use of Everyday Foodstuffs as Output and Input for and with Emergent Users"
"225",225,"Everything's the Phone: Understanding the Phone's Supercharged Role in Parent-Teen Relationships"
"226",226,"On the Shoulder of the Giant: A Multi-Scale Mixed Reality Collaboration with 360 Video Sharing and Tangible Interaction"
"227",227,"I feel it is my responsibility to stream: Streaming and Engaging with Intangible Cultural Heritage through Livestreaming"
"228",228,"AILA: Attentive Interactive Labeling Assistant for Document Classification through Attention-Based Deep Neural Networks"
"229",229,"Multi-Modal Approaches for Post-Editing Machine Translation"
"230",230,"Neighborhood Perception in Bar Charts"
"231",231,"Talking about Chat at Work in the Global South: An Ethnographic Study of Chat Use in India and Kenya"
"232",232,"What's Happening at that Hip?: Evaluating an On-body Projection based Augmented Reality System for Physiotherapy Classroom"
"233",233,"Optimising Encoding for Vibrotactile Skin Reading"
"234",234,"Bring the Outside In: Providing Accessible Experiences Through VR for People with Dementia in Locked Psychiatric Hospitals"
"235",235,"Clairbuoyance: Improving Directional Perception for Swimmers"
"236",236,"Unremarkable AI: Fitting Intelligent Decision Support into Critical Clinical Decision-Making Processes"
"237",237,"AI-Mediated Communication: How the Perception that Profile Text was Written by AI Affects Trustworthiness"
"238",238,"Magnetact: Magnetic-sheet-based Haptic Interfaces for Touch Devices"
"239",239,"Virtual Hubs: Understanding Relational Aspects and Remediating Incubation"
"240",240,"Impulse Buying: Design Practices and Consumer Needs"
"241",241,"Communication Breakdowns Between Families and Alexa"
"242",242,"Data is Personal: Attitudes and Perceptions of Data Visualization in Rural Pennsylvania"
"243",243,"HCI and Affective Health: Taking stock of a decade of studies and charting future research directions"
"244",244,"An Evaluation of Touch Input at the Edge of a Table"
"245",245,"Examining and Enhancing the Illusory Touch Perception in Virtual Reality Using Non-Invasive Brain Stimulation"
"246",246,"Pay Attention Please: Formal Language Improves Attention in Volunteer and Paid Online Experiments"
"247",247,"Enhancing Texture Perception in Virtual Reality Using 3D-Printed Hair Structures"
"248",248,"The Design of Social Drones: A Review of Studies on Autonomous Flyers in Inhabited Environments"
"249",249,"Recipes for Programmable Money"
"250",250,"Crowdsourcing Interface Feature Design with Bayesian Optimization"
"251",251,"Comparing Effectiveness and Engagement of Data Comics and Infographics"
"252",252,"Resilient Chatbots: Repair Strategy Preferences for Conversational Breakdowns"
"253",253,"Crowdlicit: A System for Conducting Distributed End-User Elicitation and Identification Studies"
"254",254,"Thinking Too Classically: Research Topics in Human-Quantum Computer Interaction"
"255",255,"Predicting Cognitive Load in Future Code Puzzles"
"256",256,"Hey Google Can I Ask You Something in Private?: The Effects of Modality and Device in Sensitive Health Information Acquisition from Voice Assistants"
"257",257,"Influencers in Multiplayer Online Shooters: Evidence of Social Contagion in Playtime and Social Play"
"258",258,"Digital Financial Needs of Micro-entrepreneur Women in Pakistan: Is Mobile Money The Answer?"
"259",259,"Understanding Mass-Market Mobile TV Behaviors in the Streaming Era"
"260",260,"Bringing Design to the Privacy Table: Broadening ""Design"" in ""Privacy by Design"" Through the Lens of HCI"
"261",261,"Practitioners Teaching Data Science in Industry and Academia: Expectations Workflows and Challenges"
"262",262,"An Exploration of Speech-Based Productivity Support in the Car"
"263",263,"Everyday Experiences: Small Stories and Mental Illness on Instagram"
"264",264,"Blockchain Assemblages: Whiteboxing Technology and Transforming Infrastructural Imaginaries"
"265",265,"Risk vs. Restriction: The Tension between Providing a Sense of Normalcy and Keeping Foster Teens Safe Online"
"266",266,"Who's In Control?: Interactions In Multi-User Smart Homes"
"267",267,"GameViews: Understanding and Supporting Data-driven Sports Storytelling"
"268",268,"Managing Messes in Computational Notebooks"
"269",269,"Nurturing Constructive Disagreement - Agonistic Design with Neurodiverse Children"
"270",270,"An Exploratory Study of the Use of Drones for Assisting Firefighters During Emergency Situations"
"271",271,"PickCells: A Physically Reconfigurable Cell-composed Touchscreen"
"272",272,"Active Edge: Designing Squeeze Gestures for the Google Pixel"
"273",273,"Clench Interface: Novel Biting Input Techniques"
"274",274,"Interferi: Gesture Sensing using On-Body Acoustic Interferometry"
"275",275,"Cultivating Care through Ambiguity: Lessons from a Service Learning Course"
"276",276,"Beautiful Seams: Strategic Revelations and Concealments"
"277",277,"Understanding the Effect of Accuracy on Trust in Machine Learning Models"
"278",278,"Engaging Gentrification as a Social Justice Issue in HCI"
"279",279,"Exploring Virtual Agents for Augmented Reality"
"280",280,"Privacy Power and Invisible Labor on Amazon Mechanical Turk"
"281",281,"Beyond Schematic Capture: Meaningful Abstractions for Better Electronics Design Tools"
"282",282,"TutoriVR: A Video-Based Tutorial System for Design Applications in Virtual Reality"
"283",283,"Can Mobile Augmented Reality Stimulate a Honeypot Effect? Observations from Santa's Lil Helper"
"284",284,"Infrastructuring the Imaginary: How Sea-Level Rise Comes to Matter in the San Francisco Bay Area"
"285",285,"The Right to the Sustainable Smart City"
"286",286,"A Place to Play: The (Dis)Abled Embodied Experience for Autistic Children in Online Spaces"
"287",287,"'Think secure from the beginning': A Survey with Software Developers"
"288",288,"Wait Do I Know This Person?: Understanding Misdirected Email"
"289",289,"Effects of Locomotion and Visual Overview on Spatial Memory when Interacting with Wall Displays"
"290",290,"Crowdsourcing Multi-label Audio Annotation Tasks with Citizen Scientists"
"291",291,"Interactive Repair of Tables Extracted from PDF Documents on Mobile Devices"
"292",292,"Frequency-Based Design of Smart Textiles"
"293",293,"3D Pen + 3D Printer: Exploring the Role of Humans and Fabrication Machines in Creative Making"
"294",294,"Metaphoria: An Algorithmic Companion for Metaphor Creation"
"295",295,"RePlay: Contextually Presenting Learning Videos Across Software Applications"
"296",296,"The Promise of Empathy: Design Disability and Knowing the ""Other"""
"297",297,"Just Give Me What I Want: How People Use and Evaluate Music Search"
"298",298,"Towards Enabling Blind People to Independently Write on Printed Forms"
"299",299,"Social Cultural and Systematic Frustrations Motivating the Formation of a DIY Hearing Loss Hacking Community"
"300",300,"My Naturewatch Camera: Disseminating Practice Research with a Cheap and Easy DIY Design"
"301",301,"Social Media TestDrive: Real-World Social Media Education for the Next Generation"
"302",302,"Investigating the Impact of a Real-time Multimodal Student Engagement Analytics Technology in Authentic Classrooms"
"303",303,"How do People Sort by Ratings?"
"304",304,"The Smartphone as a Pacifier and its Consequences: Young adults' smartphone usage in moments of solitude and correlations to self-reflection"
"305",305,"Privacy and Security Considerations For Digital Technology Use in Elementary Schools"
"306",306,"Relations are more than Bytes: Re-thinking the Benefits of Smart Services through People and Things"
"307",307,"VoiceAssist: Guiding Users to High-Quality Voice Recordings"
"308",308,"On the Usability of HTTPS Deployment"
"309",309,"PledgeWork: Online Volunteering through Crowdwork"
"310",310,"Modeling the Engagement-Disengagement Cycle of Compulsive Phone Use"
"311",311,"Social Reflections on Fitness Tracking Data: A Study with Families in Low-SES Neighborhoods"
"312",312,"Occupational Therapy is Making: Clinical Rapid Prototyping and Digital Fabrication"
"313",313,"Communicating Hurricane Risks: Multi-Method Examination of Risk Imagery Diffusion"
"314",314,"Collective Wisdom: Inquiring into Collective Homes as a Site for HCI Design"
"315",315,"Symbiotic Encounters: HCI and Sustainable Agriculture"
"316",316,"Freedom to Personalize My Digital Classroom: Understanding Teachers' Practices and Motivations"
"317",317,"Healthy Lies: The Effects of Misrepresenting Player Health Data on Experience Behavior and Performance"
"318",318,"Pseudo-Haptic Weight: Changing the Perceived Weight of Virtual Objects By Manipulating Control-Display Ratio"
"319",319,"EnhancedTouchX: Smart Bracelets for Augmenting Interpersonal Touch Interactions"
"320",320,"Older People Inventing their Personal Internet of Things with the IoT Un-Kit Experience"
"321",321,"Brick: Toward A Model for Designing Synchronous Colocated Augmented Reality Games"
"322",322,"Instrumenting and Analyzing Fabrication Activities Users and Expertise"
"323",323,"Scaptics and Highlight-Planes: Immersive Interaction Techniques for Finding Occluded Features in 3D Scatterplots"
"324",324,"ChewIt. An Intraoral Interface for Discreet Interactions"
"325",325,"The Scale and Structure of Personal File Collections"
"326",326,"The Effects of Interruption Timings on Autonomous Height-Adjustable Desks that Respond to Task Changes"
"327",327,"SurfaceSight: A New Spin on Touch User and Object Sensing for IoT Experiences"
"328",328,"Conservation of Procrastination: Do Productivity Interventions Save Time Or Just Redistribute It?"
"329",329,"Understanding Law Enforcement Strategies and Needs for Combating Human Trafficking"
"330",330,"Vocal Shortcuts for Creative Experts"
"331",331,"Rumors and Collective Sensemaking: Managing Ambiguity in an Informal Marketplace"
"332",332,"Temporal Rhythms and Patterns of Electronic Documentation in Time-Critical Medical Work"
"333",333,"Personas and Identity: Looking at Multiple Identities to Inform the Construction of Personas"
"334",334,"Hands Holding Clues for Object Recognition in Teachable Machines"
"335",335,"Friending to Flame: How Social Features Affect Player Behaviours in an Online Collectible Card Game"
"336",336,"Sensing Fine-Grained Hand Activity with Smartwatches"
"337",337,"Human-Computer Insurrection: Notes on an Anarchist HCI"
"338",338,"Beyond ""One-Size-Fits-All"": Understanding the Diversity in How Software Newcomers Discover and Make Use of Help Resources"
"339",339,"City Explorer: The Design and Evaluation of a Location-Based Community Information System"
"340",340,"Dynamics of Visual Attention in Multiparty Collaborative Problem Solving using Multidimensional Recurrence Quantification Analysis"
"341",341,"Upside and Downside Risk in Online Security for Older Adults with Mild Cognitive Impairment"
"342",342,"Seekers Providers Welcomers and Storytellers: Modeling Social Roles in Online Health Communities"
"343",343,"AdaCAD: Crafting Software For Smart Textiles Design"
"344",344,"Trust and Recall of Information across Varying Degrees of Title-Visualization Misalignment"
"345",345,"RealityCheck: Blending Virtual Environments with Situated Physical Reality"
"346",346,"Lost in Style: Gaze-driven Adaptive Aid for VR Navigation"
"347",347,"If It's Important It Will Be A Headline: Cybersecurity Information Seeking in Older Adults"
"348",348,"Engaging Lived and Virtual Realities"
"349",349,"Alternative Avenues for IoT: Designing with Non-Stereotypical Homes"
"350",350,"Collaborative Futures: Co-Designing Research Methods for Younger People Living with Dementia"
"351",351,"I was really really nervous posting it: Communicating about Invisible Chronic Illnesses across Social Media Platforms"
"352",352,"The Effect of Field-of-View Restriction on Sex Bias in VR Sickness and Spatial Navigation Performance"
"353",353,"Implementing Multi-Touch Gestures with Touch Groups and Cross Events"
"354",354,"Witchcraft and HCI: Morality"
"355",355,"QuizBot: A Dialogue-based Adaptive Learning System for Factual Knowledge"
"356",356,"The Adventures of Older Authors: Exploring Futures through Co-Design Fictions"
"357",357,"Beyond The Force: Using Quadcopters to Appropriate Objects and the Environment for Haptics in Virtual Reality"
"358",358,"Using Presence Questionnaires in Virtual Reality"
"359",359,"Understanding the Social Acceptability of Mobile Devices using the Stereotype Content Model"
"360",360,"Anchoring Effects and Troublesome Asymmetric Transfer in Subjective Ratings"
"361",361,"Aggregated Visualization of Playtesting Data"
"362",362,"Look-From Camera Control for 3D Terrain Maps"
"363",363,"ZeRONE: Safety Drone with Blade-Free Propulsion"
"364",364,"Beyond the Patient Portal: Supporting Needs of Hospitalized Patients"
"365",365,"Can Privacy Be Satisfying? On Improving Viewer Satisfaction for Privacy-Enhanced Photos Using Aesthetic Transforms"
"366",366,"An Analytic Model for Time Efficient Personal Hierarchies"
"367",367,"Geppetto: Enabling Semantic Design of Expressive Robot Behaviors"
"368",368,"Personal Health Oracle: Explorations of Personalized Predictions in Diabetes Self-Management"
"369",369,"Exploring Factors that Influence Connected Drivers to (Not) Use or Follow Recommended Optimal Routes"
"370",370,"I Bought This for Me to Look More Ordinary: A Study of Blind People Doing Online Shopping"
"371",371,"Touchscreen Haptic Augmentation Effects on Tapping Drag and Drop and Path Following"
"372",372,"Opportunities for Automating Email Processing: A Need-Finding Study"
"373",373,"Examining Augmented Virtuality Impairment Simulation for Mobile App Accessibility Design"
"374",374,"Accessible Gesture Typing for Non-Visual Text Entry on Smartphones"
"375",375,"Gabber: Supporting Voice in Participatory Qualitative Practices"
"376",376,"Voice User Interfaces in Schools: Co-designing for Inclusion with Visually-Impaired and Sighted Pupils"
"377",377,"Programmable Donations: Exploring Escrow-Based Conditional Giving"
"378",378,"Like A Second Skin: Understanding How Epidermal Devices Affect Human Tactile Perception"
"379",379,"Exploring Crowdsourced Work in Low-Resource Settings"
"380",380,"Using Both Hands: Tangibles for Stroke Rehabilitation in the Home"
"381",381,"Barriers to End-User Designers of Augmented Fabrication"
"382",382,"Bookly: An Interactive Everyday Artifact Showing the Time of Physically Accumulated Reading Activity"
"383",383,"Empowering Expression for Users with Aphasia through Constrained Creativity"
"384",384,"The Race Towards Digital Wellbeing: Issues and Opportunities"
"385",385,"Autonomous Distributed Energy Systems: Problematising the Invisible through Design Drama and Deliberation"
"386",386,"Empowering End Users in Debugging Trigger-Action Rules"
"387",387,"Mapping the Landscape of Creativity Support Tools in HCI"
"388",388,"Follow the Money: Managing Personal Finance Digitally"
"389",389,"Crowdworker Economics in the Gig Economy"
"390",390,"Why Do You Need This? Selective Disclosure of Data Among Citizen Scientists"
"391",391,"Frame Analysis of Voice Interaction Gameplay"
"392",392,"A Tale of Two Perspectives: A Conceptual Framework of User Expectations and Experiences of Instructional Fitness Apps"
"393",393,"PicMe: Interactive Visual Guidance for Taking Requested Photo Composition"
"394",394,"Power Struggles and Disciplined Designers - A Nexus Analytic Inquiry on Cross-Disciplinary Research and Design"
"395",395,"Evaluating Sustainable Interaction Design of Digital Services: The Case of YouTube"
"396",396,"Affinity Lens: Data-Assisted Affinity Diagramming with Augmented Reality"
"397",397,"Managing Multimorbidity: Identifying Design Requirements for a Digital Self-Management Tool to Support Older Adults with Multiple Chronic Conditions"
"398",398,"The Performative Mirror Space"
"399",399,"The Inflatable Cat: Idiosyncratic Ideation of Smart Objects for the Home"
"400",400,"Grasping Microgestures: Eliciting Single-hand Microgestures for Handheld Objects"
"401",401,"AutoFritz: Autocomplete for Prototyping Virtual Breadboard Circuits"
"402",402,"Printer Pals: Experience-Centered Design to Support Agency for People with Dementia"
"403",403,"Using Time and Space Efficiently in Driverless Cars: Findings of a Co-Design Study"
"404",404,"Expression of Curiosity in Social Robots: Design"
"405",405,"Understanding and Mitigating Worker Biases in the Crowdsourced Collection of Subjective Judgments"
"406",406,"Magnetips: Combining Fingertip Tracking and Haptic Feedback for Around-Device Interaction"
"407",407,"Measuring the Influences of Musical Parameters on Cognitive and Behavioral Responses to Audio Notifications Using EEG and Large-scale Online Studies"
"408",408,"Design Considerations for Interactive Office Lighting: Interface Characteristics Shared and Hybrid Control"
"409",409,"Will You Accept an Imperfect AI? Exploring Designs for Adjusting End-user Expectations of AI Systems"
"410",410,"Voice-Based Quizzes for Measuring Knowledge Retention in Under-Connected Populations"
"411",411,"ORC Layout: Adaptive GUI Layout with OR-Constraints"
"412",412,"Exploring Interaction Fidelity in Virtual Reality: Object Manipulation and Whole-Body Movements"
"413",413,"Can Children Understand Machine Learning Concepts? The Effect of Uncovering Black Boxes"
"414",414,"Evaluation of Appearance-Based Methods and Implications for Gaze-Based Applications"
"415",415,"Explicating ""Implicit Interaction"": An Examination of the Concept and Challenges for Research"
"416",416,"Charting Subtle Interaction in the HCI Literature"
"417",417,"Monotasking or Multitasking: Designing for Crowdworkers' Preferences"
"418",418,"On the Latency of USB-Connected Input Devices"
"419",419,"Analyzing the Use of Camera Glasses in the Wild"
"420",420,"HawkEye â€"" Deploying a Design Fiction Probe"
"421",421,"Exploring Media Capture of Meaningful Experiences to Support Families Living with Dementia"
"422",422,"Understanding the Impact of TVIs on Technology Use and Selection by Children with Visual Impairments"
"423",423,"Student Perspectives on Digital Phenotyping: The Acceptability of Using Smartphone Data to Assess Mental Health"
"424",424,"A-line: 4D Printing Morphing Linear Composite Structures"
"425",425,"Detecting Visuo-Haptic Mismatches in Virtual Reality using the Prediction Error Negativity of Event-Related Brain Potentials"
"426",426,"A Field Study of Teachers Using a Curriculum-integrated Digital Game"
"427",427,"Feeling Fireworks: An Inclusive Tactile Firework Display"
"428",428,"Social Play in an Exergame: How the Need to Belong Predicts Adherence"
"429",429,"Around the (Virtual) World: Infinite Walking in Virtual Reality Using Electrical Muscle Stimulation"
"430",430,"How Do Distance Learners Connect?: Shared Identity Focused Work and Future Possibilities"
"431",431,"Security Managers Are Not The Enemy Either"
"432",432,"Older Voices: Supporting Community Radio Production for Civic Participation in Later Life"
"433",433,"Reveal: Investigating Proactive Location-Based Reminiscing with Personal Digital Photo Repositories"
"434",434,"What is Fair Shipping Anyway?: Using Design Fiction to Raise Ethical Awareness in an Industrial Context"
"435",435,"Our Story: Addressing Challenges in Development Contexts for Sustainable Participatory Video"
"436",436,"Integrating Multimedia Tools to Enrich Interactions in Live Streaming for Language Learning"
"437",437,"Spaces and Traces: Implications of Smart Technology in Public Housing"
"438",438,"Mazi: Tangible Technologies as a Channel for Collaborative Play"
"439",439,"Making Diabetes Education Interactive: Tangible Educational Toys for Children with Type-1 Diabetes"
"440",440,"Ten-Minute Silence: A New Notification UX of Mobile Instant Messenger"
"441",441,"Quantitative Measurement of Tool Embodiment for Virtual Reality Input Alternatives"
"442",442,"DMove: Directional Motion-based Interaction for Augmented Reality Head-Mounted Displays"
"443",443,"Trigger-Action Programming for Personalising Humanoid Robot Behaviour"
"444",444,"Augmented Reality Views for Occluded Interaction"
"445",445,"A is for Artificial Intelligence: The Impact of Artificial Intelligence Activities on Young Children's Perceptions of Robots"
"446",446,"i'sFree: Eyes-Free Gesture Typing via a Touch-Enabled Remote Control"
"447",447,"Beyond Tutoring: Opportunities for Intergenerational Mentorship at a Community Level"
"448",448,"Beyond Dyadic Interactions: Considering Chatbots as Community Members"
"449",449,"Face and Ecological Validity in Simulations: Lessons from Search-and-Rescue HRI"
"450",450,"PaCaPa: A Handheld VR Device for Rendering Size Shape and Stiffness of Virtual Objects in Tool-based Interactions"
"451",451,"Search as News Curator: The Role of Google in Shaping Attention to News Information"
"452",452,"./trilaterate: A Fabrication Pipeline to Design and 3D Print Hover- Touch- and Force-Sensitive Objects"
"453",453,"Designing for Reproducibility: A Qualitative Study of Challenges and Opportunities in High Energy Physics"
"454",454,"Color Builder: A Direct Manipulation Interface for Versatile Color Theme Authoring"
"455",455,"A Review & Analysis of Mindfulness Research in HCI: Framing Current Lines of Research and Future Opportunities"
"456",456,"Making Healthcare Infrastructure Work: Unpacking the Infrastructuring Work of Individuals"
"457",457,"Like Popcorn: Crossmodal Correspondences Between Scents 3D Shapes and Emotions in Children"
"458",458,"Gamification in Science: A Study of Requirements in the Context of Reproducible Research"
"459",459,"Understanding the Shared Experience of Runners and Spectators in Long-Distance Running Events"
"460",460,"Local Standards for Anonymization Practices in Health Wellness Accessibility and Aging Research at CHI"
"461",461,"Dynamic Difficulty Adjustment Impact on Players' Confidence"
"462",462,"Continuous Alertness Assessments: Using EOG Glasses to Unobtrusively Monitor Fatigue Levels In-The-Wild"
"463",463,"Everyone Brings Their Grain of Salt: Designing for Low-Literate Parental Engagement with a Mobile Literacy Technology in Cote d'Ivoire"
"464",464,"Streaming Multi-Screens and YouTube: The New (Unsustainable) Ways of Watching in the Home"
"465",465,"Overcoming Distractions during Transitions from Break to Work using a Conversational Website-Blocking System"
"466",466,"Techies Against Facebook: Understanding Negative Sentiment Toward Facebook via User Generated Content"
"467",467,"Making Well-being: Exploring the Role of Makerspaces in Long Term Care Facilities"
"468",468,"Supporting Communication About Values Between People with Multiple Chronic Conditions and their Providers"
"469",469,"SmartEye: Assisting Instant Photo Taking via Integrating User Preference with Deep View Proposal Network"
"470",470,"People Who Can Take It: How Women Wikipedians Negotiate and Navigate Safety"
"471",471,"SuperVision: Playing with Gaze Aversion and Peripheral Vision"
"472",472,"Psychologically Inclusive Design: Cues Impact Women's Participation in STEM Education"
"473",473,"What Makes a Good Conversation? Challenges in Designing Truly Conversational Agents"
"474",474,"Encumbered Interaction: A Study of Musicians Preparing to Perform"
"475",475,"Mind the Tap: Assessing Foot-Taps for Interacting with Head-Mounted Displays"
"476",476,"Only one item left? Heuristic Information Trumps Calorie Count When Supporting Healthy Snacking Under Low Self-Control"
"477",477,"Some Prior(s) Experience Necessary: Templates for Getting Started With Bayesian Analysis"
"478",478,"Parting the Red Sea: Sociotechnical Systems and Lived Experiences of Menopause"
"479",479,"Turn to the Self in Human-Computer Interaction: Care of the Self in Negotiating the Human-Technology Relationship"
"480",480,"Engaging High School Students in Cameroon with Exam Practice Quizzes via SMS and WhatsApp"
"481",481,"VARI-SOUND: A Varifocal Lens for Sound"
"482",482,"Co-Performing Agent: Design for Building User-Agent Partnership in Learning and Adaptive Services"
"483",483,"Leveraging Distal Vibrotactile Feedback for Target Acquisition"
"484",484,"Designing for the Infrastructure of the Supply Chain of Malay Handwoven Songket in Terengganu"
"485",485,"Let Me Explain: Impact of Personal and Impersonal Explanations on Trust in Recommender Systems"
"486",486,"Springlets: Expressive Flexible and Silent On-Skin Tactile Interfaces"
"487",487,"Can you believe [1:21]?!: Content and Time-Based Reference Patterns in Video Comments"
"488",488,"Do We Care About Diversity in Human Computer Interaction: A Comprehensive Content Analysis on Diversity Dimensions in Research"
"489",489,"Gaze-Guided Narratives: Adapting Audio Guide Content to Gaze in Virtual and Real Environments"
"490",490,"StoryBlocks: A Tangible Programming Game To Create Accessible Audio Stories"
"491",491,"Managerial Visions: Stories of Upgrading and Maintaining the Public Restroom with IoT"
"492",492,"User Attitudes towards Algorithmic Opacity and Transparency in Online Reviewing Platforms"
"493",493,"Examining the ""Global"" Language of Emojis: Designing for Cultural Representation"
"494",494,"Time to Scale: Generalizable Affect Detection for Tens of Thousands of Students across An Entire School Year"
"495",495,"Eye-Write: Gaze Sharing for Collaborative Writing"
"496",496,"Heimdall: A Remotely Controlled Inspection Workbench For Debugging Microcontroller Projects"
"497",497,"HOPE for Computing Education: Towards the Infrastructuring of Support for University-School Partnerships"
"498",498,"Unintended Consonances: Methods to Understand Robot Motor Sound Perception"
"499",499,"PinchList: Leveraging Pinch Gestures for Hierarchical List Navigation on Smartphones"
"500",500,"Together in Bed? Couples' Mobile Technology Use in Bed"
"501",501,"23 Ways to Nudge: A Review of Technology-Mediated Nudging in Human-Computer Interaction"
"502",502,"ALAP: Accessible LaTeX Based Mathematical Document Authoring and Presentation"
"503",503,"Embodied Imagination: An Approach to Stroke Recovery Combining Participatory Performance and Interactive Technology"
"504",504,"Behind the Curtain of the ""Ultimate Empathy Machine"": On the Composition of Virtual Reality Nonfiction Experiences"
"505",505,"Online VR AR Lab and In-Situ: Comparison of Research Methods to Evaluate Smart Artifacts"
"506",506,"Guideline-Based Evaluation of Web Readability"
"507",507,"Trolled by the Trolley Problem: On What Matters for Ethical Decision Making in Automated Vehicles"
"508",508,"Exploring and Designing for Memory Impairments in Depression"
"509",509,"Understanding Kinaesthetic Creativity in Dance"
"510",510,"Evaluating Preference Collection Methods for Interactive Ranking Analytics"
"511",511,"To Repeat or Not to Repeat? Redesigning Repeating Auditory Alarms Based on EEG Analysis"
"512",512,"It Broadens My Mind: Empowering People with Cognitive Disabilities through Computing Education"
"513",513,"Should I Agree? Delegating Consent Decisions Beyond the Individual"
"514",514,"Design and Evaluation of a Social Media Writing Support Tool for People with Dyslexia"
"515",515,"VIPBoard: Improving Screen-Reader Keyboard for Visually Impaired People with Character-Level Auto Correction"
"516",516,"Put Your Warning Where Your Link Is: Improving and Evaluating Email Phishing Warnings"
"517",517,"Encoding Materials and Data for Iterative Personalization"
"518",518,"Automation Accuracy Is Good but High Controllability May Be Better"
"519",519,"Gehna: Exploring the Design Space of Jewelry as an Input Modality"
"520",520,"I'm a Giant: Walking in Large Virtual Environments at High Speed Gains"
"521",521,"Understanding the Impact of Information Representation on Willingness to Share Information"
"522",522,"The Impact of Web Browser Reader Views on Reading Speed and User Experience"
"523",523,"Does Being Verified Make You More Credible? Account Verification's Effect on Tweet Credibility"
"524",524,"Does Who Matter? Studying the Impact of Relationship Characteristics on Receptivity to Mobile IM Messages"
"525",525,"#HandsOffMyADA: A Twitter Response to the ADA Education and Reform Act"
"526",526,"Poirot: A Web Inspector for Designers"
"527",527,"Understanding and Designing for Deaf or Hard of Hearing Drivers on Uber"
"528",528,"Street-Level Algorithms: A Theory at the Gaps Between Policy and Decisions"
"529",529,"Cicero: Multi-Turn Contextual Argumentation for Accurate Crowdsourcing"
"530",530,"Personalising the TV Experience using Augmented Reality: An Exploratory Study on Delivering Synchronised Sign Language Interpretation"
"531",531,"FTVR in VR: Evaluation of 3D Perception With a Simulated Volumetric Fish-Tank Virtual Reality Display"
"532",532,"Exploring How Privacy and Security Factor into IoT Device Purchase Behavior"
"533",533,"An Explanation of Fitts' Law-like Performance in Gaze-Based Selection Tasks Using a Psychophysics Approach"
"534",534,"MultiTrack: Multi-User Tracking and Activity Recognition Using Commodity WiFi"
"535",535,"What is Mixed Reality?"
"536",536,"Machine Heuristic: When We Trust Computers More than Humans with Our Personal Information"
"537",537,"Critter: Augmenting Creative Work with Dynamic Checklists Automated Quality Assurance and Contextual Reviewer Feedback"
"538",538,"Do People Consume the News they Trust?: Incidental News Usage and the High-Choice Media Environment"
"539",539,"Saliency Deficit and Motion Outlier Detection in Animated Scatterplots"
"540",540,"Understanding Affective Experiences with Conversational Agents"
"541",541,"Rehumanized Crowdsourcing: A Labeling Framework Addressing Bias and Ethics in Machine Learning"
"542",542,"What Can We Learn from Augmented Reality (AR)?: Benefits and Drawbacks of AR for Inquiry-based Learning of Physics"
"543",543,"Serpentine: A Self-Powered Reversibly Deformable Cord Sensor for Human Input"
"544",544,"VRsneaky: Increasing Presence in VR Through Gait-Aware Auditory Feedback"
"545",545,"Comparing the Effects of Paper and Digital Checklists on Team Performance in Time-Critical Work"
"546",546,"Enabling Identification and Behavioral Sensing in Homes using Radio Reflections"
"547",547,"I (Don't) See What You Typed There! Shoulder-surfing Resistant Password Entry on Gamepads"
"548",548,"NVGaze: An Anatomically-Informed Dataset for Low-Latency Near-Eye Gaze Estimation"
"549",549,"Transforming Game Difficulty Curves using Function Composition"
"550",550,"How Users Interpret Bugs in Trigger-Action Programming"
"551",551,"Evaluating Expert Curation in a Baby Milestone Tracking App"
"552",552,"Pose-Guided Level Design"
"553",553,"Improving Early Navigation in Time-Lapse Video with Spread-Frame Loading"
"554",554,"Evaluating Pan and Zoom Timelines and Sliders"
"555",555,"Investigating Implicit Gender Bias and Embodiment of White Males in Virtual Reality with Full Body Visuomotor Synchrony"
"556",556,"Haptipedia: Accelerating Haptic Device Discovery to Support Interaction & Engineering Design"
"557",557,"Explaining Decision-Making Algorithms through UI: Strategies to Help Non-Expert Stakeholders"
"558",558,"Geometrically Compensating Effect of End-to-End Latency in Moving-Target Selection Games"
"559",559,"Who Gets to Future? Race Representation and Design Methods in Africatown"
"560",560,"Cross-Device Taxonomy: Survey Opportunities and Challenges of Interactions Spanning Across Multiple Devices"
"561",561,"The Gendered Geography of Contributions to OpenStreetMap: Complexities in Self-Focus Bias"
"562",562,"Shaping Pro-Social Interaction in VR: An Emerging Design Framework"
"563",563,"Behind the Voices: The Practice and Challenges of Esports Casters"
"564",564,"Kyub: A 3D Editor for Modeling Sturdy Laser-Cut Objects"
"565",565,"FiberWire: Embedding Electronic Function into 3D Printed Mechanically Strong Lightweight Carbon Fiber Composite Objects"
"566",566,"Tool Extension in Human-Computer Interaction"
"567",567,"Participatory Design of VR Scenarios for Exposure Therapy"
"568",568,"Steering Performance with Error-accepting Delays"
"569",569,"Card Mapper: Enabling Data-Driven Reflections on Ideation Cards"
"570",570,"REsCUE: A framework for REal-time feedback on behavioral CUEs using multimodal anomaly detection"
"571",571,"Visualizing Uncertainty and Alternatives in Event Sequence Predictions"
"572",572,"Towards Understanding the Design of Positive Pre-sleep Through a Neurofeedback Artistic Experience"
"573",573,"MessageOnTap: A Suggestive Interface to Facilitate Messaging-related Tasks"
"574",574,"HeatCraft: Designing Playful Experiences with Ingestible Sensors via Localized Thermal Stimuli"
"575",575,"TalkTraces: Real-Time Capture and Visualization of Verbal Content in Meetings"
"576",576,"DreamGigs: Designing a Tool to Empower Low-Resource Job Seekers"
"577",577,"Gamut: A Design Probe to Understand How Data Scientists Understand Machine Learning Models"
"578",578,"Guerilla Warfare and the Use of New (and Some Old) Technology: Lessons from FARC's Armed Struggle in Colombia"
"579",579,"Abstract Machines: Overlaying Virtual Worlds on Physical Rides"
"580",580,"What's Missing: The Role of Instructional Design in Children's Games-Based Learning"
"581",581,"Impacts of Telemanipulation in Robotic Assisted Surgery"
"582",582,"SmartManikin: Virtual Humans with Agency for Design Tools"
"583",583,"TrackCap: Enabling Smartphones for 3D Interaction on Mobile Head-Mounted Displays"
"584",584,"Continuous Evaluation of Video Lectures from Real-Time Difficulty Self-Report"
"585",585,"Group Interactions in Location-Based Gaming: A Case Study of Raiding in Pokemon GO"
"586",586,"Interstices: Sustained Spatial Relationships between Hands and Surfaces Reveal Anticipated Action"
"587",587,"Vulnerability & Blame: Making Sense of Unauthorized Access to Smartphones"
"588",588,"Understanding Online News Behaviors"
"589",589,"VelociWatch: Designing and Evaluating a Virtual Keyboard for the Input of Challenging Text"
"590",590,"Co-Designing Food Trackers with Dietitians: Identifying Design Opportunities for Food Tracker Customization"
"591",591,"Engaging Low-Income African American Older Adults in Health Discussions through Community-based Design Workshops"
"592",592,"It's My Data! Tensions Among Stakeholders of a Learning Analytics Dashboard"
"593",593,"Automating the Administration and Analysis of Psychiatric Tests: The Case of Attachment in School Age Children"
"594",594,"360proto: Making Interactive Virtual Reality & Augmented Reality Prototypes from Paper"
"595",595,"A Walk on the Child Side: Investigating Parents' and Children's Experience and Perspective on Mobile Technology for Outdoor Child Independent Mobility"
"596",596,"Voice Presentation Attack Detection through Text-Converted Voice Command Analysis"
"597",597,"Emotion and Experience in Negotiating HIV-Related Digital Resources: ""It's not just a runny nose!"""
"598",598,"Improving Fairness in Machine Learning Systems: What Do Industry Practitioners Need?"
"599",599,"Designing Theory-Driven User-Centric Explainable AI"
"600",600,"Emotion Work in Experience-Centered Design"
"601",601,"Voice as a Design Material: Sociophonetic Inspired Design Strategies in Human-Computer Interaction"
"602",602,"A Promise Is A Promise: The Effect of Commitment Devices on Computer Security Intentions"
"603",603,"Security – Visible Yet Unseen?: How Displaying Security Mechanisms Impacts User Experience and Perceived Security"
"604",604,"Designing User Interface Elements to Improve the Quality and Civility of Discourse in Online Commenting Behaviors"
"605",605,"The ""Comadre"" Project: An Asset-Based Design Approach to Connecting Low-Income Latinx Families to Out-of-School Learning Opportunities"
"606",606,"Warping Deixis: Distorting Gestures to Enhance Collaboration"
"607",607,"The Mental Image Revealed by Gaze Tracking"
"608",608,"Care and Design: An Ethnography of Mutual Recognition in the Context of Advanced Dementia"
"609",609,"Communication Cost of Single-user Gesturing Tool in Laparoscopic Surgical Training"
"610",610,"Resolving Target Ambiguity in 3D Gaze Interaction through VOR Depth Estimation"
"611",611,"Slow Robots for Unobtrusive Posture Correction"
"612",612,"Understanding Digitally-Mediated Empathy: An Exploration of Visual Narrative and Biosensory Informational Cues"
"613",613,"Understanding Personal Productivity: How Knowledge Workers Define Evaluate and Reflect on Their Productivity"
"614",614,"Vistribute: Distributing Interactive Visualizations in Dynamic Multi-Device Setups"
"615",615,"Dancing With Drones: Crafting Novel Artistic Expressions Through Intercorporeality"
"616",616,"Crossing-Based Selection with Virtual Reality Head-Mounted Displays"
"617",617,"ARPen: Mid-Air Object Manipulation Techniques for a Bimanual AR System with Pen & Smartphone"
"618",618,"NaviBike: Comparing Unimodal Navigation Cues for Child Cyclists"
"619",619,"Audible Panorama: Automatic Spatial Audio Generation for Panorama Imagery"
"620",620,"Interactive Body-Driven Graphics for Augmented Video Performance"
"621",621,"Augmenting Couples' Communication with Lifelines: Shared Timelines of Mixed Contextual Information"
"622",622,"Friend Collaborator Student Manager: How Design of an AI-Driven Game Level Editor Affects Creators"
"623",623,"A Design Space for Gaze Interaction on Head-mounted Displays"
"624",624,"The Heat is On: Exploring User Behaviour in a Multisensory Virtual Environment for Fire Evacuation"
"625",625,"Transformation through Provocation?: Designing a ""Bot of Conviction"" to Challenge Conceptions and Evoke Critical Reflection"
"626",626,"FoldTronics: Creating 3D Objects with Integrated Electronics Using Foldable Honeycomb Structures"
"627",627,"An Exploration of Bitcoin Mining Practices: Miners' Trust Challenges and Motivations"
"628",628,"JourneyCam: Exploring Experiences of Accessibility and Mobility among Powered Wheelchair Users through Video and Data"
"629",629,"Let's Play Together: Adaptation Guidelines of Board Games for Players with Visual Impairment"
"630",630,"ElectroDermis: Fully Untethered Stretchable and Highly-Customizable Electronic Bandages"
"631",631,"May AI? Design Ideation with Cooperative Contextual Bandits"
"632",632,"PeerLens: Peer-inspired Interactive Learning Path Planning in Online Question Pool"
"633",633,"Electronic Health Records Are More Than a Work Tool: Conflicting Needs of Direct and Indirect Stakeholders"
"634",634,"Text Entry Throughput: Towards Unifying Speed and Accuracy in a Single Performance Metric"
"635",635,"Is Now A Good Time? An Empirical Study of Vehicle-Driver Communication Timing"
"636",636,"A 2nd Person Social Perspective on Bodily Play"
"637",637,"Tracking the Consumption of Home Essentials"
"638",638,"Peripheral Notifications in Large Displays: Effects of Feature Combination and Task Interference"
"639",639,"Pulp Friction: Exploring the Finger Pad Periphery for Subtle Haptic Feedback"
"640",640,"Development of a Checklist for the Prevention of Intradialytic Hypotension in Hemodialysis Care: Design Considerations Based on Activity Theory"
"641",641,"Preemptive Action: Accelerating Human Reaction using Electrical Muscle Stimulation Without Compromising Agency"
"642",642,"An Exploratory Study on Visual Exploration of Model Simulations by Multiple Types of Experts"
"643",643,"Protection Productivity and Pleasure in the Smart Home: Emerging Expectations and Gendered Insights from Australian Early Adopters"
"644",644,"Keeping Rumors in Proportion: Managing Uncertainty in Rumor Systems"
"645",645,"Understanding Metamaterial Mechanisms"
"646",646,"Understanding Life Transitions: A Case Study of Support Needs of Low-Income Mothers"
"647",647,"Online Grocery Delivery Services: An Opportunity to Address Food Disparities in Transportation-scarce Areas"
"648",648,"Co-Created Personas: Engaging and Empowering Users with Diverse Needs Within the Design Process"
"649",649,"Notjustgirl: Exploring Male-related Eating Disordered Content across Social Media Platforms"
"650",650,"Technologies for Social Justice: Lessons from Sex Workers on the Front Lines"
"651",651,"Career Mentoring in Online Communities: Seeking and Receiving Advice from an Online Community"
"652",652,"Cognitive Aids in Acute Care: Investigating How Cognitive Aids Affect and Support In-hospital Emergency Teams"
"653",653,"Facilitating Self-reflection about Values and Self-care Among Individuals with Chronic Conditions"
"654",654,"Pyrus: Designing A Collaborative Programming Game to Promote Problem Solving Behaviors"
"655",655,"Inalienability: Understanding Digital Gifts"
"656",656,"As Light as You Aspire to Be: Changing Body Perception with Sound to Support Physical Activity"
"657",657,"Who Would You Like to Work With?: Use of Individual Characteristics and Social Networks in Team Formation Systems"
"658",658,"ModiFiber: Two-Way Morphing Soft Thread Actuators for Tangible Interaction"
"659",659,"Breakdowns in Home-School Collaboration for Behavioral Intervention"
"660",660,"VizNet: Towards A Large-Scale Visualization Learning and Benchmarking Repository"
"661",661,"Shape Structuralizer: Design Fabrication and User-driven Iterative Refinement of 3D Mesh Models"
"662",662,"Designing Participatory Sensing with Remote Communities to Conserve Endangered Species"
"663",663,"Tricky to get your head around: Information Work of People Managing Chronic Kidney Disease in the UK"
"664",664,"Long-Term Value of Social Robots through the Eyes of Expert Users"
"665",665,"Measuring and Understanding Photo Sharing Experiences in Social Virtual Reality"
"666",666,"Email Makes You Sweat: Examining Email Interruptions and Stress Using Thermal Imaging"
"667",667,"Measuring the Separability of Shape Size and Color in Scatterplots"
"668",668,"Beyond Behavior: The Coach's Perspective on Technology in Health Coaching"
"669",669,"Privacy Anonymity and Perceived Risk in Open Collaboration: A Study of Service Providers"
"670",670,"Aarnio: Passive Kinesthetic Force Output for Foreground Interactions on an Interactive Chair"
"671",671,"Does It Feel Real? Using Tangibles with Different Fidelities to Build and Explore Scenes in Virtual Reality"
"672",672,"How Do Humans Assess the Credibility on Web Blogs: Qualifying and Verifying Human Factors with Machine Learning"
"673",673,"Adding Proprioceptive Feedback to Virtual Reality Experiences Using Galvanic Vestibular Stimulation"
"674",674,"VibEye: Vibration-Mediated Object Recognition for Tangible Interactive Applications"
"675",675,"Sound Forest: Evaluation of an Accessible Multisensory Music Installation"
"676",676,"Making Sense of Human-Food Interaction"
"677",677,"Designing for Digital Playing Out"
"678",678,"Life-Affirming Biosensing in Public: Sounding Heartbeats on a Red Bench"
"679",679,"ATMSeer: Increasing Transparency and Controllability in Automated Machine Learning"
"680",680,"A Bayesian Cognition Approach to Improve Data Visualization"
"681",681,"PersonalTouch: Improving Touchscreen Usability by Personalizing Accessibility Settings based on Individual User's Touchscreen Interaction"
"682",682,"The Parenting Actor-Network of Latino Immigrants in the United States"
"683",683,"Geollery: A Mixed Reality Social Media Platform"
"684",684,"Passquerade: Improving Error Correction of Text Passwords on Mobile Devices by using Graphic Filters for Password Masking"
"685",685,"HoloDoc: Enabling Mixed Reality Workspaces that Harness Physical and Digital Content"
"686",686,"SwarmHaptics: Haptic Display with Swarm Robots"
"687",687,"Estimating Touch Force with Barometric Pressure Sensors"
"688",688,"A Badge Not a Barrier: Designing for–and Throughout–Digital Badge Implementation"
"689",689,"Virtual Objects in the Physical World: Relatedness and Psychological Ownership in Augmented Reality"
"690",690,"Signal Appropriation of Explicit HIV Status Disclosure Fields in Sex-Social Apps used by Gay and Bisexual Men"
"691",691,"HapTwist: Creating Interactive Haptic Proxies in Virtual Reality Using Low-cost Twistable Artefacts"
"692",692,"Falcon: Balancing Interactive Latency and Resolution Sensitivity for Scalable Linked Visualizations"
"693",693,"When the Elephant Trumps: A Comparative Study on Spatial Audio for Orientation in 360º Videos"
"694",694,"Egocentric Smaller-person Experience through a Change in Visual Perspective"
"695",695,"LocknType: Lockout Task Intervention for Discouraging Smartphone App Use"
"696",696,"Effect of Orientation on Unistroke Touch Gestures"
"697",697,"LASEC: Instant Fabrication of Stretchable Circuits Using a Laser Cutter"
"698",698,"Sensory Alignment in Immersive Entertainment"
"699",699,"How to Design Voice Based Navigation for How-To Videos"
"700",700,"Caring for Vincent: A Chatbot for Self-Compassion"
"701",701,"A Wee Bit More Interaction: Designing and Evaluating an Overactive Bladder App"
"702",702,"HandSee: Enabling Full Hand Interaction on Smartphone with Front Camera-based Stereo Vision"
